{
  "base_conf": 0.001,
  "best": {
    "confidence": 0.35,
    "fn": 71,
    "fp": 12,
    "fp_score": 0.8285714285714285,
    "gt": 115,
    "map50": 0.2610251117991056,
    "max_det": 20,
    "mode": "per_class",
    "per_class_confidence": "{\"bottle\": 0.1, \"can\": 0.1, \"cup\": 0.4}",
    "precision": 0.7857142857142857,
    "predictions": 56,
    "recall": 0.3826086956521739,
    "score": 0.4880436385080348,
    "tp": 44
  },
  "class_names": {
    "0": "cup",
    "1": "bottle",
    "2": "can"
  },
  "data": "/home/sina/projects/validator_improve/score_miner_project/public_detect/data/yolo/beverage_starter/data.yaml",
  "diagnostics": {
    "false_positives": 12,
    "misses": 71
  },
  "imgsz": 960,
  "iou": 0.7,
  "metrics": {
    "classes": [
      {
        "ap50": 0.38596491228070173,
        "cls": 0,
        "fn": 35,
        "fp": 0,
        "fp_score": 1.0,
        "gt": 57,
        "name": "cup",
        "precision": 1.0,
        "predictions": 22,
        "recall": 0.38596491228070173,
        "score": 0.631578947368421,
        "tp": 22
      },
      {
        "ap50": 0.0,
        "cls": 1,
        "fn": 20,
        "fp": 0,
        "fp_score": 1.0,
        "gt": 20,
        "name": "bottle",
        "precision": 0.0,
        "predictions": 0,
        "recall": 0.0,
        "score": 0.4,
        "tp": 0
      },
      {
        "ap50": 0.3971104231166151,
        "cls": 2,
        "fn": 16,
        "fp": 12,
        "fp_score": 0.8285714285714285,
        "gt": 38,
        "name": "can",
        "precision": 0.6470588235294118,
        "predictions": 34,
        "recall": 0.5789473684210527,
        "score": 0.5696948252985404,
        "tp": 22
      }
    ],
    "fn": 71,
    "fp": 12,
    "fp_score": 0.8285714285714285,
    "gt": 115,
    "map50": 0.2610251117991056,
    "precision": 0.7857142857142857,
    "predictions": 56,
    "recall": 0.3826086956521739,
    "score": 0.4880436385080348,
    "tp": 44
  },
  "model": "/home/sina/projects/validator_improve/score_miner_project/public_detect/runs/beverage/yolo11n_starter/weights/best.pt",
  "raw_predictions": 2100
}
