{
  "base_conf": 0.001,
  "best": {
    "confidence": 0.7,
    "fn": 158,
    "fp": 20,
    "fp_score": 0.9,
    "gt": 208,
    "map50": 0.19944363943171037,
    "max_det": 20,
    "mode": "global",
    "per_class_confidence": "",
    "precision": 0.7142857142857143,
    "predictions": 70,
    "recall": 0.2403846153846154,
    "score": 0.47966618365902625,
    "tp": 50
  },
  "class_names": {
    "0": "cup",
    "1": "bottle",
    "2": "can"
  },
  "data": "/home/sina/projects/validator_improve/score_miner_project/public_detect/data/yolo_candidates/beverage_winner_proxy_v1/data.yaml",
  "diagnostics": {
    "false_positives": 20,
    "misses": 158
  },
  "imgsz": 960,
  "iou": 0.7,
  "metrics": {
    "classes": [
      {
        "ap50": 0.3451862642070808,
        "cls": 0,
        "fn": 48,
        "fp": 16,
        "fp_score": 0.92,
        "gt": 83,
        "name": "cup",
        "precision": 0.6862745098039216,
        "predictions": 51,
        "recall": 0.42168674698795183,
        "score": 0.5751117585242486,
        "tp": 35
      },
      {
        "ap50": 0.2531446540880503,
        "cls": 1,
        "fn": 38,
        "fp": 4,
        "fp_score": 0.98,
        "gt": 53,
        "name": "bottle",
        "precision": 0.7894736842105263,
        "predictions": 19,
        "recall": 0.2830188679245283,
        "score": 0.5438867924528302,
        "tp": 15
      },
      {
        "ap50": 0.0,
        "cls": 2,
        "fn": 72,
        "fp": 0,
        "fp_score": 1.0,
        "gt": 72,
        "name": "can",
        "precision": 0.0,
        "predictions": 0,
        "recall": 0.0,
        "score": 0.4,
        "tp": 0
      }
    ],
    "fn": 158,
    "fp": 20,
    "fp_score": 0.9,
    "gt": 208,
    "map50": 0.19944363943171037,
    "precision": 0.7142857142857143,
    "predictions": 70,
    "recall": 0.2403846153846154,
    "score": 0.47966618365902625,
    "tp": 50
  },
  "model": "/home/sina/projects/validator_improve/score_miner_project/public_detect/runs/beverage/yolo11n_phase4_external_v1_local/weights/best.pt",
  "prediction_mode": "sahi",
  "raw_predictions": 6359,
  "sahi": {
    "overlap": 0.25,
    "postprocess_iou": 0.5,
    "slice_height": 640,
    "slice_width": 640
  }
}
