{
  "base_conf": 0.001,
  "best": {
    "confidence": 0.7,
    "fn": 66,
    "fp": 17,
    "fp_score": 0.7571428571428571,
    "gt": 115,
    "map50": 0.3438536676635995,
    "max_det": 20,
    "mode": "per_class",
    "per_class_confidence": "{\"bottle\": 0.5, \"can\": 0.1, \"cup\": 0.5}",
    "precision": 0.7424242424242424,
    "predictions": 66,
    "recall": 0.4260869565217391,
    "score": 0.5091693434553026,
    "tp": 49
  },
  "class_names": {
    "0": "cup",
    "1": "bottle",
    "2": "can"
  },
  "data": "/home/sina/projects/validator_improve/score_miner_project/public_detect/data/yolo/beverage_starter/data.yaml",
  "diagnostics": {
    "false_positives": 17,
    "misses": 66
  },
  "imgsz": 960,
  "iou": 0.7,
  "metrics": {
    "classes": [
      {
        "ap50": 0.4513940785025445,
        "cls": 0,
        "fn": 30,
        "fp": 7,
        "fp_score": 0.9,
        "gt": 57,
        "name": "cup",
        "precision": 0.7941176470588235,
        "predictions": 34,
        "recall": 0.47368421052631576,
        "score": 0.6308364471015266,
        "tp": 27
      },
      {
        "ap50": 0.2,
        "cls": 1,
        "fn": 14,
        "fp": 6,
        "fp_score": 0.9142857142857143,
        "gt": 20,
        "name": "bottle",
        "precision": 0.5,
        "predictions": 12,
        "recall": 0.3,
        "score": 0.4857142857142857,
        "tp": 6
      },
      {
        "ap50": 0.380166924488254,
        "cls": 2,
        "fn": 22,
        "fp": 4,
        "fp_score": 0.9428571428571428,
        "gt": 38,
        "name": "can",
        "precision": 0.8,
        "predictions": 20,
        "recall": 0.42105263157894735,
        "score": 0.6052430118358095,
        "tp": 16
      }
    ],
    "fn": 66,
    "fp": 17,
    "fp_score": 0.7571428571428571,
    "gt": 115,
    "map50": 0.3438536676635995,
    "precision": 0.7424242424242424,
    "predictions": 66,
    "recall": 0.4260869565217391,
    "score": 0.5091693434553026,
    "tp": 49
  },
  "model": "/home/sina/projects/validator_improve/score_miner_project/public_detect/runs/beverage/yolo11n_phase4_taco_smoke_v2_local/weights/best.pt",
  "prediction_mode": "single",
  "raw_predictions": 1895,
  "sahi": null
}
