{
  "base_conf": 0.001,
  "best": {
    "confidence": 0.45,
    "fn": 200,
    "fp": 98,
    "fp_score": 0.8638888888888889,
    "gt": 313,
    "map50": 0.23979166717609793,
    "max_det": 20,
    "mode": "per_class",
    "per_class_confidence": "{\"bottle\": 0.5, \"can\": 0.1, \"cup\": 0.5}",
    "precision": 0.5355450236966824,
    "predictions": 211,
    "recall": 0.3610223642172524,
    "score": 0.48943055586121437,
    "tp": 113
  },
  "class_names": {
    "0": "cup",
    "1": "bottle",
    "2": "can"
  },
  "data": "/home/sina/projects/validator_improve/score_miner_project/public_detect/data/yolo/beverage_phase4_taco_smoke_v2/data.yaml",
  "diagnostics": {
    "false_positives": 98,
    "misses": 200
  },
  "imgsz": 960,
  "iou": 0.7,
  "metrics": {
    "classes": [
      {
        "ap50": 0.3013471192660367,
        "cls": 0,
        "fn": 85,
        "fp": 31,
        "fp_score": 0.9569444444444445,
        "gt": 145,
        "name": "cup",
        "precision": 0.6593406593406593,
        "predictions": 91,
        "recall": 0.41379310344827586,
        "score": 0.5635860493373999,
        "tp": 60
      },
      {
        "ap50": 0.17786607837082094,
        "cls": 1,
        "fn": 78,
        "fp": 27,
        "fp_score": 0.9625,
        "gt": 105,
        "name": "bottle",
        "precision": 0.5,
        "predictions": 54,
        "recall": 0.2571428571428571,
        "score": 0.4917196470224926,
        "tp": 27
      },
      {
        "ap50": 0.24016180389143624,
        "cls": 2,
        "fn": 37,
        "fp": 40,
        "fp_score": 0.9444444444444444,
        "gt": 63,
        "name": "can",
        "precision": 0.3939393939393939,
        "predictions": 66,
        "recall": 0.4126984126984127,
        "score": 0.5218748601126395,
        "tp": 26
      }
    ],
    "fn": 200,
    "fp": 98,
    "fp_score": 0.8638888888888889,
    "gt": 313,
    "map50": 0.23979166717609793,
    "precision": 0.5355450236966824,
    "predictions": 211,
    "recall": 0.3610223642172524,
    "score": 0.48943055586121437,
    "tp": 113
  },
  "model": "/home/sina/projects/validator_improve/score_miner_project/public_detect/runs/beverage/yolo11n_phase4_taco_smoke_v2_local/weights/best.pt",
  "prediction_mode": "single",
  "raw_predictions": 5912,
  "sahi": null
}
